source,activity,disposition
ModuleLoginAndPay/AndroidManifest.xml,com.cmic.sso.sdk.activity.LoginAuthActivity,sdkManaged
QnmLibrary/AndroidManifest.xml,com.jx885.library.album.PhotoPreviewActivity,flutterPage
ModuleLoginAndPay/AndroidManifest.xml,com.jx885.library.web.WebOtherActivity,flutterPage
ultCPA/src/main/AndroidManifest.xml,com.jx885.lrjk.cg.learn.ExamResultActivity,flutterPage
ultCPA/src/main/AndroidManifest.xml,com.jx885.lrjk.cg.learn.LearnActivity,flutterPage
ultCPA/src/main/AndroidManifest.xml,com.jx885.lrjk.cg.learn.LearnActivityExam,flutterPage
ultCPA/src/main/AndroidManifest.xml,com.jx885.lrjk.cg.ui.BackFromAlipayActivity,pluginCallback
ultCPA/src/main/AndroidManifest.xml,com.jx885.lrjk.cg.ui.MainActivity,flutterPage
ultCPA/src/main/AndroidManifest.xml,com.jx885.lrjk.cg.ui.SplashActivity,flutterPage
ultCPA/src/main/AndroidManifest.xml,com.jx885.lrjk.cg.ui.activity.AccountActivityNew,flutterPage
ultCPA/src/main/AndroidManifest.xml,com.jx885.lrjk.cg.ui.activity.AgreeDialogActivity,flutterPage
ultCPA/src/main/AndroidManifest.xml,com.jx885.lrjk.cg.ui.activity.BigSkillCircleResultActivity,flutterPage
ultCPA/src/main/AndroidManifest.xml,com.jx885.lrjk.cg.ui.activity.BigSkillPaperPdfListActivity,removed
ultCPA/src/main/AndroidManifest.xml,com.jx885.lrjk.cg.ui.activity.BigSkillPaperPdfListEntryActivity,removed
ultCPA/src/main/AndroidManifest.xml,com.jx885.lrjk.cg.ui.activity.BigSkillPracticePurchaseSuccessActivity,flutterPage
ultCPA/src/main/AndroidManifest.xml,com.jx885.lrjk.cg.ui.activity.ChangePhoneActivity,flutterPage
ultCPA/src/main/AndroidManifest.xml,com.jx885.lrjk.cg.ui.activity.ChapterPracticeListActivity,flutterPage
ultCPA/src/main/AndroidManifest.xml,com.jx885.lrjk.cg.ui.activity.Crash200QuestionListActivity,flutterPage
ultCPA/src/main/AndroidManifest.xml,com.jx885.lrjk.cg.ui.activity.CustomOnekeyLoginActivity,flutterPage
ultCPA/src/main/AndroidManifest.xml,com.jx885.lrjk.cg.ui.activity.DailySkillDetailActivity,flutterPage
ultCPA/src/main/AndroidManifest.xml,com.jx885.lrjk.cg.ui.activity.DailySkillReportActivity,flutterPage
ultCPA/src/main/AndroidManifest.xml,com.jx885.lrjk.cg.ui.activity.DocumentDetailActivity,flutterPage
ultCPA/src/main/AndroidManifest.xml,com.jx885.lrjk.cg.ui.activity.ExamRecordActivity,flutterPage
ultCPA/src/main/AndroidManifest.xml,com.jx885.lrjk.cg.ui.activity.FastLearnLandingActivity,flutterPage
ultCPA/src/main/AndroidManifest.xml,com.jx885.lrjk.cg.ui.activity.FineCourseSubActivity,flutterPage
ultCPA/src/main/AndroidManifest.xml,com.jx885.lrjk.cg.ui.activity.LearnClassifyActivityNew,flutterPage
ultCPA/src/main/AndroidManifest.xml,com.jx885.lrjk.cg.ui.activity.LearningMaterialsFeedActivity,flutterPage
ultCPA/src/main/AndroidManifest.xml,com.jx885.lrjk.cg.ui.activity.LearningVideoDetailActivity,flutterPage
ultCPA/src/main/AndroidManifest.xml,com.jx885.lrjk.cg.ui.activity.LoginActivity,flutterPage
ultCPA/src/main/AndroidManifest.xml,com.jx885.lrjk.cg.ui.activity.OpenVipDaZhaoActivity,flutterPage
ultCPA/src/main/AndroidManifest.xml,com.jx885.lrjk.cg.ui.activity.OpenVipMultiPayActivity,flutterPage
ultCPA/src/main/AndroidManifest.xml,com.jx885.lrjk.cg.ui.activity.PastExamsPaperListActivity,flutterPage
ultCPA/src/main/AndroidManifest.xml,com.jx885.lrjk.cg.ui.activity.PreExamSecretPaperLandingActivity2,flutterPage
ultCPA/src/main/AndroidManifest.xml,com.jx885.lrjk.cg.ui.activity.PreExamSixPaperLandingActivity,flutterPage
ultCPA/src/main/AndroidManifest.xml,com.jx885.lrjk.cg.ui.activity.PreExamSixPaperPreviewActivity,flutterPage
ultCPA/src/main/AndroidManifest.xml,com.jx885.lrjk.cg.ui.activity.PurchaseHistoryActivity,flutterPage
ultCPA/src/main/AndroidManifest.xml,com.jx885.lrjk.cg.ui.activity.ReadyLearnActivity,flutterPage
ultCPA/src/main/AndroidManifest.xml,com.jx885.lrjk.cg.ui.activity.SafeCheckActivity,flutterPage
ultCPA/src/main/AndroidManifest.xml,com.jx885.lrjk.cg.ui.activity.ShortVideoActivity,flutterPage
ultCPA/src/main/AndroidManifest.xml,com.jx885.lrjk.cg.ui.activity.SingleVipVideoPlayActivity,flutterPage
ultCPA/src/main/AndroidManifest.xml,com.jx885.lrjk.cg.ui.activity.SkillMnemonicsActivity,flutterPage
ultCPA/src/main/AndroidManifest.xml,com.jx885.lrjk.cg.ui.activity.SkillMnemonicsDetailActivity,flutterPage
ultCPA/src/main/AndroidManifest.xml,com.jx885.lrjk.cg.ui.activity.SkillResultActivity,flutterPage
ultCPA/src/main/AndroidManifest.xml,com.jx885.lrjk.cg.ui.activity.SmartCardActivity,flutterPage
ultCPA/src/main/AndroidManifest.xml,com.jx885.lrjk.cg.ui.activity.SubjectVideoActivity,flutterPage
ultCPA/src/main/AndroidManifest.xml,com.jx885.lrjk.cg.ui.activity.TeacherCoursePlayActivity,flutterPage
ultCPA/src/main/AndroidManifest.xml,com.jx885.lrjk.cg.ui.activity.UnbindActivity,flutterPage
ultCPA/src/main/AndroidManifest.xml,com.jx885.lrjk.cg.ui.activity.VideoPlayActivity,flutterPage
ultCPA/src/main/AndroidManifest.xml,com.jx885.lrjk.cg.ui.activity.VipCourseActivity,flutterPage
ultCPA/src/main/AndroidManifest.xml,com.jx885.lrjk.cg.ui.activity.VipDifferenceUpgradeActivity,flutterPage
ultCPA/src/main/AndroidManifest.xml,com.jx885.lrjk.cg.ui.activity.VipPurchaseSuccessActivity,flutterPage
ultCPA/src/main/AndroidManifest.xml,com.jx885.lrjk.cg.ui.activity.VipVideoPalyActivity,flutterPage
ultCPA/src/main/AndroidManifest.xml,com.jx885.lrjk.cg.ui.activity.WebViewActivity,flutterPage
ultCPA/src/main/AndroidManifest.xml,com.jx885.lrjk.cg.ui.activity.WebViewBeforeActivity,flutterPage
ultCPA/src/main/AndroidManifest.xml,com.jx885.lrjk.cg.ui.recommend.ChangePosterActivity,flutterPage
ultCPA/src/main/AndroidManifest.xml,com.jx885.lrjk.cg.ui.recommend.ChangedRecommendActivity,flutterPage
ultCPA/src/main/AndroidManifest.xml,com.jx885.lrjk.cg.ui.recommend.RecommendActivity,flutterPage
ultCPA/src/main/AndroidManifest.xml,com.jx885.lrjk.cg.ui.setting.AccountDetailsSettingActivity,flutterPage
ultCPA/src/main/AndroidManifest.xml,com.jx885.lrjk.cg.ui.setting.AccountSettingActivity,flutterPage
ultCPA/src/main/AndroidManifest.xml,com.jx885.lrjk.cg.ui.setting.AccountUnbindSettingActivity,flutterPage
ultCPA/src/main/AndroidManifest.xml,com.jx885.lrjk.cg.ui.setting.PrivacySettingActivity,flutterPage
ultCPA/src/main/AndroidManifest.xml,com.jx885.lrjk.cg.ui.setting.SettingActivity,flutterPage
ultCPA/src/main/AndroidManifest.xml,com.jx885.lrjk.skit.SelectNumActivity,flutterPage
ultCPA/src/main/AndroidManifest.xml,com.jx885.lrjk.skit.ViewPager2Activity,flutterPage
ultCPA/src/main/AndroidManifest.xml,com.jx885.lrjk.ui.FrameLayoutActivity,flutterPage
ultCPA/src/main/AndroidManifest.xml,com.jx885.lrjk.ui.OpenVipSuccessActivity,flutterPage
ultCPA/src/main/AndroidManifest.xml,com.jx885.lrjk.ui.exam.EmptyPayActivity,flutterPage
ultCPA/src/main/AndroidManifest.xml,com.jx885.lrjk.ui.learn.ReadyBeforeExamActivity,flutterPage
ultCPA/src/main/AndroidManifest.xml,com.jx885.lrjk.ui.video.AliVideoPlayActivity,flutterPage
ultCPA/src/main/AndroidManifest.xml,com.jx885.lrjk.ui.video.newVideoPlay.NewVideoPlayActivity,flutterPage
ultCPA/src/main/AndroidManifest.xml,com.jx885.lrjk.ui.web.SpeedWebActivity,flutterPage
ultCPA/src/main/AndroidManifest.xml,com.jx885.lrjk.ui.web.WebActivity,flutterPage
lib_http_capture/src/main/AndroidManifest.xml,com.levine.http_capture.NetRequestRecordActivity,flutterPage
ModuleLoginAndPay/AndroidManifest.xml,com.mobile.auth.gatewayauth.LoginAuthActivity,sdkManaged
ModuleLoginAndPay/AndroidManifest.xml,com.mobile.auth.gatewayauth.activity.AuthWebVeiwActivity,sdkManaged
ultCPA/src/main/AndroidManifest.xml,com.xmzj.ult.agg.wxapi.WXEntryActivity,pluginCallback
ultCPA/src/main/AndroidManifest.xml,com.xmzj.ult.agg.wxapi.WXPayEntryActivity,pluginCallback
